dt,x,y,position,velocity,acceleration,jerk,heading
0.010000,-0.000011,21.927083,0.000029,0.005844,0.584444,58.444444,6.283176
0.010000,-0.000005,21.927083,0.000035,0.000586,-0.525802,-111.024604,6.283181
0.010000,0.000177,21.927083,0.000217,0.018165,1.757902,228.370331,0.000007
0.010000,0.000668,21.927083,0.000708,0.049101,3.093569,133.566686,0.000028
0.010000,0.001435,21.927083,0.001475,0.076720,2.761915,-33.165314,0.000060
0.010000,0.002540,21.927083,0.002580,0.110477,3.375643,61.372738,0.000106
0.010000,0.004044,21.927084,0.004083,0.150370,3.989343,61.370003,0.000169
0.010000,0.006008,21.927084,0.006047,0.196400,4.603004,61.366141,0.000250
0.010000,0.008493,21.927085,0.008533,0.248566,5.216614,61.360992,0.000354
0.010000,0.011562,21.927086,0.011602,0.306868,5.830159,61.354447,0.000482
0.010000,0.015275,21.927088,0.015315,0.371304,6.443621,61.346259,0.000636
0.010000,0.019694,21.927091,0.019734,0.441874,7.056983,61.336198,0.000820
0.010000,0.024879,21.927096,0.024919,0.518576,7.670226,61.324239,0.001036
0.010000,0.030894,21.927103,0.030933,0.601409,8.283325,61.309942,0.001286
0.010000,0.037797,21.927113,0.037837,0.690372,8.896259,61.293414,0.001573
0.010000,0.045652,21.927127,0.045692,0.785462,9.509001,61.274215,0.001899
0.010000,0.054519,21.927145,0.054559,0.886677,10.121524,61.252309,0.002267
0.010000,0.064459,21.927170,0.064499,0.994015,10.733799,61.227427,0.002679
0.010000,0.075533,21.927202,0.075573,1.107473,11.345793,61.199402,0.003138
0.010000,0.087804,21.927244,0.087844,1.227048,11.957473,61.168031,0.003645
0.010000,0.101331,21.927297,0.101371,1.352736,12.568803,61.133037,0.004204
0.010000,0.116176,21.927364,0.116217,1.484533,13.179747,61.094411,0.004817
0.010000,0.132400,21.927447,0.132441,1.622436,13.790264,61.051691,0.005485
0.010000,0.150065,21.927551,0.150105,1.766439,14.400313,61.004840,0.006211
0.010000,0.169229,21.927677,0.169271,1.916538,15.009849,60.953576,0.006998
0.010000,0.189956,21.927831,0.189998,2.072726,15.618826,60.897695,0.007847
0.010000,0.212305,21.928017,0.212348,2.234998,16.227195,60.836924,0.008761
0.010000,0.236307,21.928239,0.236351,2.400282,16.528374,30.117957,0.009740
0.010000,0.261961,21.928502,0.262006,2.565507,16.522504,-0.587008,0.010784
0.010000,0.289266,21.928811,0.289313,2.730669,16.516213,-0.629142,0.011892
0.010000,0.318221,21.929173,0.318270,2.895764,16.509498,-0.671499,0.013064
0.010000,0.348826,21.929592,0.348878,3.060787,16.502356,-0.714217,0.014299
0.010000,0.381080,21.930074,0.381135,3.225735,16.494784,-0.757161,0.015596
0.010000,0.414982,21.930626,0.415041,3.390603,16.486779,-0.800485,0.016955
0.010000,0.450530,21.931254,0.450595,3.555386,16.478338,-0.844091,0.018375
0.010000,0.487724,21.931965,0.487796,3.720081,16.469458,-0.887985,0.019854
0.010000,0.526562,21.932766,0.526643,3.884682,16.460137,-0.932186,0.021394
0.010000,0.567044,21.933664,0.567135,4.049186,16.450369,-0.976729,0.022992
0.010000,0.609168,21.934668,0.609271,4.213588,16.440154,-1.021505,0.024647
0.010000,0.652933,21.935784,0.653049,4.377882,16.429488,-1.066617,0.026359
0.010000,0.698337,21.937022,0.698470,4.542066,16.418368,-1.111972,0.028127
0.010000,0.745378,21.938388,0.745531,4.706134,16.406793,-1.157570,0.029950
0.010000,0.794056,21.939892,0.794232,4.870082,16.394758,-1.203457,0.031826
0.010000,0.844368,21.941542,0.844571,5.033904,16.382263,-1.249537,0.033755
0.010000,0.896312,21.943348,0.896547,5.197597,16.369305,-1.295801,0.035735
0.010000,0.949888,21.945318,0.950159,5.361156,16.355882,-1.342290,0.037765
0.010000,1.005092,21.947461,1.005405,5.524576,16.341993,-1.388891,0.039845
0.010000,1.061923,21.949787,1.062283,5.687852,16.327637,-1.435636,0.041972
0.010000,1.120378,21.952306,1.120793,5.850981,16.312812,-1.482483,0.044146
0.010000,1.180456,21.955027,1.180933,6.013956,16.297518,-1.529381,0.046365
0.010000,1.242124,21.957958,1.242670,6.173724,15.976778,-32.074014,0.048627
0.010000,1.305318,21.961106,1.305942,6.327234,15.351093,-62.568472,0.050927
0.010000,1.369975,21.964478,1.370687,6.474492,14.725780,-62.531323,0.053264
0.010000,1.436032,21.968078,1.436842,6.615501,14.100891,-62.488839,0.055632
0.010000,1.503426,21.971912,1.504345,6.750266,13.476480,-62.441164,0.058028
0.010000,1.572093,21.975985,1.573133,6.878792,12.852595,-62.388445,0.060450
0.010000,1.641971,21.980300,1.643143,7.001085,12.229287,-62.330867,0.062894
0.010000,1.712996,21.984861,1.714315,7.117151,11.606601,-62.268577,0.065355
0.010000,1.785106,21.989670,1.786585,7.226997,10.984583,-62.201774,0.067832
0.010000,1.858237,21.994730,1.859891,7.330629,10.363277,-62.130649,0.070321
0.010000,1.932327,22.000042,1.934172,7.428057,9.742723,-62.055381,0.072818
0.010000,2.007314,22.005607,2.009365,7.519286,9.122961,-61.976200,0.075321
0.010000,2.083135,22.011424,2.085408,7.604326,8.504028,-61.893319,0.077826
0.010000,2.159726,22.017494,2.162240,7.683186,7.885958,-61.806927,0.080332
0.010000,2.237027,22.023814,2.239799,7.755874,7.268785,-61.717305,0.082833
0.010000,2.314975,22.030384,2.318023,7.822399,6.652539,-61.624641,0.085329
0.010000,2.393507,22.037200,2.396850,7.882772,6.037247,-61.529179,0.087817
0.010000,2.472563,22.044259,2.476220,7.937001,5.422935,-61.431195,0.090293
0.010000,2.552079,22.051557,2.556071,7.985097,4.809626,-61.330883,0.092755
0.010000,2.631996,22.059090,2.636342,8.027071,4.197341,-61.228545,0.095201
0.010000,2.712251,22.066852,2.716971,8.062932,3.586097,-61.124389,0.097628
0.010000,2.792783,22.074837,2.797898,8.092691,2.975910,-61.018666,0.100034
0.010000,2.873531,22.083039,2.879062,8.116359,2.366794,-60.911674,0.102418
0.010000,2.954434,22.091451,2.960401,8.133946,1.758758,-60.803604,0.104777
0.010000,3.035432,22.100065,3.041856,8.145464,1.151810,-60.694772,0.107108
0.010000,3.116464,22.108872,3.123365,8.150924,0.545957,-60.585311,0.109411
0.010000,3.197470,22.117864,3.204868,8.150336,-0.058800,-60.475651,0.111683
0.010000,3.278419,22.127034,3.286336,8.146728,-0.360794,-30.199459,0.113923
0.010000,3.359312,22.136380,3.367767,8.143121,-0.360696,0.009792,0.116132
0.010000,3.440149,22.145900,3.449162,8.139515,-0.360572,0.012421,0.118310
0.010000,3.520929,22.155590,3.530521,8.135911,-0.360422,0.014977,0.120456
0.010000,3.601652,22.165448,3.611844,8.132309,-0.360248,0.017403,0.122571
0.010000,3.682319,22.175471,3.693131,8.128708,-0.360052,0.019665,0.124654
0.010000,3.762929,22.185656,3.774382,8.125110,-0.359833,0.021887,0.126706
0.010000,3.843483,22.196000,3.855598,8.121514,-0.359594,0.023928,0.128727
0.010000,3.923980,22.206501,3.936777,8.117921,-0.359335,0.025868,0.130716
0.010000,4.004421,22.217157,4.017920,8.114330,-0.359057,0.027750,0.132673
0.010000,4.084805,22.227964,4.099028,8.110742,-0.358763,0.029453,0.134600
0.010000,4.165133,22.238919,4.180099,8.107158,-0.358452,0.031072,0.136495
0.010000,4.245405,22.250021,4.261135,8.103577,-0.358126,0.032602,0.138359
0.010000,4.325620,22.261266,4.342135,8.099999,-0.357786,0.034030,0.140192
0.010000,4.405780,22.272652,4.423099,8.096424,-0.357433,0.035335,0.141993
0.010000,4.485884,22.284176,4.504028,8.092854,-0.357067,0.036552,0.143764
0.010000,4.565932,22.295835,4.584921,8.089287,-0.356690,0.037673,0.145503
0.010000,4.645925,22.307627,4.665778,8.085724,-0.356303,0.038691,0.147211
0.010000,4.725862,22.319549,4.746599,8.082165,-0.355907,0.039625,0.148888
0.010000,4.805745,22.331599,4.827386,8.078610,-0.355502,0.040485,0.150534
0.010000,4.885572,22.343774,4.908136,8.075059,-0.355090,0.041229,0.152149
0.010000,4.965345,22.356070,4.988851,8.071512,-0.354671,0.041870,0.153733
0.010000,5.045064,22.368487,5.069531,8.067970,-0.354246,0.042481,0.155287
0.010000,5.124728,22.381020,5.150175,8.064431,-0.353817,0.042984,0.156809
0.010000,5.204339,22.393668,5.230784,8.060898,-0.353383,0.043360,0.158300
0.010000,5.283896,22.406428,5.311358,8.057368,-0.352945,0.043759,0.159761
0.010000,5.363399,22.419298,5.391896,8.053843,-0.352506,0.043975,0.161191
0.010000,5.442850,22.432274,5.472400,8.050322,-0.352064,0.044178,0.162590
0.010000,5.522248,22.445354,5.552868,8.046806,-0.351621,0.044314,0.163959
0.010000,5.601593,22.458536,5.633301,8.043295,-0.351177,0.044336,0.165297
0.010000,5.680886,22.471817,5.713698,8.039787,-0.350734,0.044296,0.166604
0.010000,5.760128,22.485195,5.794061,8.036284,-0.350292,0.044250,0.167880
0.010000,5.839318,22.498667,5.874389,8.032786,-0.349851,0.044071,0.169127
0.010000,5.918457,22.512230,5.954682,8.029292,-0.349413,0.043853,0.170342
0.010000,5.997545,22.525882,6.034940,8.025802,-0.348977,0.043574,0.171527
0.010000,6.076583,22.539621,6.115163,8.022316,-0.348545,0.043236,0.172682
0.010000,6.155571,22.553444,6.195352,8.018835,-0.348116,0.042840,0.173807
0.010000,6.234510,22.567349,6.275505,8.015358,-0.347692,0.042388,0.174901
0.010000,6.313399,22.581332,6.355624,8.011886,-0.347274,0.041873,0.175964
0.010000,6.392239,22.595393,6.435708,8.008417,-0.346860,0.041319,0.176998
0.010000,6.471031,22.609527,6.515758,8.004952,-0.346453,0.040725,0.178001
0.010000,6.549774,22.623733,6.595773,8.001492,-0.346053,0.040057,0.178974
0.010000,6.628470,22.638009,6.675753,7.998035,-0.345659,0.039327,0.179917
0.010000,6.707119,22.652351,6.755699,7.994583,-0.345273,0.038615,0.180830
0.010000,6.785721,22.666758,6.835610,7.991134,-0.344895,0.037806,0.181712
0.010000,6.864277,22.681226,6.915487,7.987688,-0.344526,0.036947,0.182565
0.010000,6.942786,22.695754,6.995329,7.984247,-0.344164,0.036115,0.183387
0.010000,7.021250,22.710339,7.075138,7.980809,-0.343813,0.035145,0.184180
0.010000,7.099669,22.724979,7.154911,7.977374,-0.343471,0.034242,0.184942
0.010000,7.178043,22.739671,7.234651,7.973943,-0.343138,0.033214,0.185675
0.010000,7.256373,22.754413,7.314356,7.970514,-0.342816,0.032205,0.186378
0.010000,7.334660,22.769203,7.394027,7.967089,-0.342505,0.031157,0.187050
0.010000,7.412902,22.784038,7.473663,7.963667,-0.342204,0.030041,0.187693
0.010000,7.491102,22.798915,7.553266,7.960248,-0.341915,0.028946,0.188306
0.010000,7.569260,22.813833,7.632834,7.956832,-0.341637,0.027795,0.188890
0.010000,7.647375,22.828789,7.712368,7.953418,-0.341371,0.026615,0.189443
0.010000,7.725449,22.843780,7.791868,7.950007,-0.341117,0.025407,0.189967
0.010000,7.803481,22.858805,7.871334,7.946598,-0.340875,0.024198,0.190461
0.010000,7.881473,22.873861,7.950766,7.943192,-0.340645,0.022946,0.190925
0.010000,7.959425,22.888945,8.030164,7.939787,-0.340429,0.021675,0.191360
0.010000,8.037337,22.904055,8.109528,7.936385,-0.340225,0.020386,0.191764
0.010000,8.115210,22.919190,8.188858,7.932985,-0.340034,0.019078,0.192139
0.010000,8.193044,22.934346,8.268154,7.929586,-0.339856,0.017753,0.192485
0.010000,8.270840,22.949521,8.347416,7.926189,-0.339692,0.016412,0.192801
0.010000,8.348598,22.964713,8.426644,7.922794,-0.339542,0.015055,0.193087
0.010000,8.426318,22.979920,8.505838,7.919400,-0.339405,0.013686,0.193344
0.010000,8.504001,22.995139,8.584998,7.916007,-0.339282,0.012305,0.193571
0.010000,8.581648,23.010367,8.664124,7.912615,-0.339173,0.010911,0.193768
0.010000,8.659259,23.025604,8.743216,7.909224,-0.339078,0.009508,0.193936
0.010000,8.736834,23.040846,8.822274,7.905835,-0.338997,0.008097,0.194074
0.010000,8.814374,23.056091,8.901299,7.902445,-0.338930,0.006679,0.194183
0.010000,8.891879,23.071336,8.980289,7.899056,-0.338877,0.005255,0.194262
0.010000,8.969351,23.086580,9.059246,7.895668,-0.338839,0.003826,0.194311
0.010000,9.046788,23.101821,9.138169,7.892280,-0.338815,0.002394,0.194331
0.010000,9.124192,23.117055,9.217058,7.888892,-0.338806,0.000960,0.194321
0.010000,9.201563,23.132280,9.295913,7.885504,-0.338810,-0.000475,0.194282
0.010000,9.278902,23.147495,9.374734,7.882115,-0.338829,-0.001910,0.194213
0.010000,9.356209,23.162697,9.453521,7.878727,-0.338863,-0.003343,0.194115
0.010000,9.433484,23.177884,9.532275,7.875338,-0.338911,-0.004772,0.193987
0.010000,9.510728,23.193053,9.610994,7.871948,-0.338973,-0.006198,0.193829
0.010000,9.587941,23.208202,9.689680,7.868558,-0.339049,-0.007619,0.193642
0.010000,9.665125,23.223329,9.768331,7.865166,-0.339139,-0.009032,0.193425
0.010000,9.742278,23.238432,9.846949,7.861774,-0.339243,-0.010438,0.193179
0.010000,9.819402,23.253508,9.925533,7.858380,-0.339362,-0.011835,0.192903
0.010000,9.896497,23.268555,10.004083,7.854985,-0.339494,-0.013221,0.192598
0.010000,9.973564,23.283571,10.082599,7.851589,-0.339640,-0.014595,0.192262
0.010000,10.050603,23.298553,10.161081,7.848191,-0.339800,-0.015956,0.191897
0.010000,10.127613,23.313500,10.239529,7.844791,-0.339973,-0.017303,0.191503
0.010000,10.204597,23.328409,10.317942,7.841389,-0.340159,-0.018634,0.191079
0.010000,10.281554,23.343277,10.396322,7.837986,-0.340358,-0.019948,0.190625
0.010000,10.358484,23.358103,10.474668,7.834580,-0.340571,-0.021244,0.190141
0.010000,10.435388,23.372884,10.552980,7.831172,-0.340796,-0.022514,0.189628
0.010000,10.512266,23.387618,10.631257,7.827762,-0.341034,-0.023777,0.189084
0.010000,10.589119,23.402303,10.709501,7.824349,-0.341284,-0.025012,0.188512
0.010000,10.665948,23.416937,10.787710,7.820934,-0.341546,-0.026217,0.187909
0.010000,10.742751,23.431516,10.865885,7.817515,-0.341820,-0.027392,0.187276
0.010000,10.819531,23.446039,10.944026,7.814094,-0.342106,-0.028555,0.186614
0.010000,10.896286,23.460504,11.022133,7.810670,-0.342402,-0.029698,0.185921
0.010000,10.973018,23.474909,11.100205,7.807243,-0.342710,-0.030774,0.185199
0.010000,11.049727,23.489250,11.178244,7.803813,-0.343029,-0.031854,0.184447
0.010000,11.126414,23.503526,11.256247,7.800379,-0.343358,-0.032902,0.183665
0.010000,11.203077,23.517735,11.334217,7.796942,-0.343696,-0.033867,0.182853
0.010000,11.279719,23.531875,11.412152,7.793502,-0.344045,-0.034888,0.182011
0.010000,11.356339,23.545942,11.490052,7.790058,-0.344403,-0.035758,0.181138
0.010000,11.432937,23.559935,11.567919,7.786610,-0.344770,-0.036706,0.180236
0.010000,11.509515,23.573852,11.645750,7.783159,-0.345145,-0.037518,0.179304
0.010000,11.586071,23.587690,11.723547,7.779703,-0.345529,-0.038336,0.178341
0.010000,11.662607,23.601447,11.801310,7.776244,-0.345920,-0.039122,0.177348
0.010000,11.739123,23.615121,11.879037,7.772781,-0.346318,-0.039822,0.176325
0.010000,11.815618,23.628709,11.956731,7.769314,-0.346723,-0.040486,0.175272
0.010000,11.892094,23.642209,12.034389,7.765842,-0.347134,-0.041147,0.174188
0.010000,11.968551,23.655620,12.112013,7.762367,-0.347551,-0.041704,0.173075
0.010000,12.044988,23.668938,12.189601,7.758887,-0.347974,-0.042229,0.171930
0.010000,12.121406,23.682162,12.267156,7.755403,-0.348401,-0.042701,0.170756
0.010000,12.197806,23.695288,12.344675,7.751915,-0.348832,-0.043118,0.169550
0.010000,12.274187,23.708316,12.422159,7.748422,-0.349267,-0.043477,0.168315
0.010000,12.350550,23.721242,12.499608,7.744925,-0.349704,-0.043779,0.167049
0.010000,12.426895,23.734065,12.577022,7.741424,-0.350145,-0.044019,0.165752
0.010000,12.503222,23.746782,12.654402,7.737918,-0.350587,-0.044197,0.164425
0.010000,12.579532,23.759390,12.731746,7.734408,-0.351029,-0.044290,0.163067
0.010000,12.655824,23.771888,12.809055,7.730893,-0.351473,-0.044368,0.161678
0.010000,12.732098,23.784273,12.886328,7.727374,-0.351917,-0.044346,0.160259
0.010000,12.808356,23.796543,12.963567,7.723850,-0.352359,-0.044217,0.158809
0.010000,12.884597,23.808696,13.040770,7.720322,-0.352800,-0.044096,0.157328
0.010000,12.960821,23.820730,13.117938,7.716790,-0.353238,-0.043837,0.155817
0.010000,13.037028,23.832641,13.195070,7.713253,-0.353673,-0.043530,0.154274
0.010000,13.113219,23.844428,13.272168,7.709712,-0.354105,-0.043129,0.152701
0.010000,13.189393,23.856089,13.349229,7.706167,-0.354532,-0.042689,0.151096
0.010000,13.265551,23.867621,13.426255,7.702617,-0.354952,-0.042087,0.149461
0.010000,13.341693,23.879022,13.503246,7.699063,-0.355367,-0.041488,0.147795
0.010000,13.417818,23.890290,13.580201,7.695506,-0.355775,-0.040762,0.146097
0.010000,13.493928,23.901422,13.657121,7.691944,-0.356174,-0.039941,0.144369
0.010000,13.570022,23.912416,13.734004,7.688378,-0.356565,-0.039042,0.142609
0.010000,13.646099,23.923271,13.810852,7.684809,-0.356945,-0.038050,0.140818
0.010000,13.722161,23.933983,13.887665,7.681236,-0.357315,-0.036964,0.138997
0.010000,13.798207,23.944550,13.964441,7.677659,-0.357673,-0.035782,0.137143
0.010000,13.874237,23.954970,14.041182,7.674079,-0.358018,-0.034501,0.135259
0.010000,13.950251,23.965241,14.117887,7.670495,-0.358349,-0.033121,0.133343
0.010000,14.026250,23.975360,14.194556,7.666909,-0.358665,-0.031637,0.131396
0.010000,14.102232,23.985325,14.271189,7.663319,-0.358966,-0.030024,0.129418
0.010000,14.178199,23.995135,14.347787,7.659726,-0.359249,-0.028369,0.127408
0.010000,14.254149,24.004785,14.424348,7.656131,-0.359515,-0.026560,0.125367
0.010000,14.330084,24.014276,14.500873,7.652534,-0.359761,-0.024595,0.123295
0.010000,14.406002,24.023603,14.577363,7.648934,-0.359987,-0.022653,0.121191
0.010000,14.481905,24.032765,14.653816,7.645332,-0.360192,-0.020429,0.119056
0.010000,14.557791,24.041759,14.730233,7.641728,-0.360374,-0.018248,0.116889
0.010000,14.633661,24.050584,14.806614,7.638123,-0.360532,-0.015799,0.114691
0.010000,14.709514,24.059236,14.882960,7.634516,-0.360666,-0.013367,0.112461
0.010000,14.785351,24.067715,14.959269,7.630908,-0.360773,-0.010726,0.110200
0.010000,14.861170,24.076016,15.035542,7.627300,-0.360853,-0.007970,0.107907
0.010000,14.936973,24.084139,15.111779,7.623691,-0.360904,-0.005124,0.105583
0.010000,15.012759,24.092081,15.187979,7.620082,-0.360925,-0.002135,0.103228
0.010000,15.088528,24.099839,15.264144,7.616473,-0.360915,0.000994,0.100841
0.010000,15.164279,24.107411,15.340273,7.612864,-0.360873,0.004244,0.098422
0.010000,15.240012,24.114796,15.416365,7.609256,-0.360797,0.007626,0.095972
0.010000,15.315728,24.121990,15.492422,7.605649,-0.360685,0.011141,0.093490
0.010000,15.391425,24.128992,15.568442,7.602044,-0.360537,0.014790,0.090977
0.010000,15.467104,24.135799,15.644427,7.598440,-0.360352,0.018574,0.088433
0.010000,15.542764,24.142409,15.720375,7.594839,-0.360127,0.022496,0.085857
0.010000,15.618405,24.148821,15.796287,7.591240,-0.359861,0.026555,0.083249
0.010000,15.694027,24.155030,15.872164,7.587645,-0.359554,0.030753,0.080611
0.010000,15.769629,24.161037,15.948004,7.584053,-0.359203,0.035093,0.077941
0.010000,15.845212,24.166837,16.023809,7.580465,-0.358807,0.039575,0.075239
0.010000,15.920774,24.172429,16.099578,7.576881,-0.358365,0.044180,0.072507
0.010000,15.996316,24.177812,16.175311,7.573302,-0.357876,0.048948,0.069743
0.010000,16.071836,24.182981,16.251008,7.569729,-0.357337,0.053851,0.066948
0.010000,16.147335,24.187936,16.326670,7.566161,-0.356748,0.058901,0.064121
0.010000,16.222813,24.192675,16.402296,7.562600,-0.356107,0.064074,0.061264
0.010000,16.298268,24.197194,16.477886,7.559046,-0.355413,0.069409,0.058376
0.010000,16.373701,24.201492,16.553441,7.555499,-0.354664,0.074882,0.055457
0.010000,16.449110,24.205567,16.628961,7.551961,-0.353860,0.080491,0.052506
0.010000,16.524496,24.209417,16.704445,7.548431,-0.352997,0.086244,0.049526
0.010000,16.599858,24.213038,16.779894,7.544910,-0.352076,0.092139,0.046514
0.010000,16.675196,24.216431,16.855308,7.541399,-0.351094,0.098167,0.043472
0.010000,16.750509,24.219591,16.930687,7.537899,-0.350051,0.104344,0.040399
0.010000,16.825796,24.222517,17.006031,7.534409,-0.348944,0.110651,0.037295
0.010000,16.901057,24.225208,17.081341,7.530932,-0.347773,0.117088,0.034162
0.010000,16.976292,24.227660,17.156615,7.527466,-0.346536,0.123673,0.030998
0.010000,17.051500,24.229872,17.231855,7.524014,-0.345233,0.130386,0.027804
0.010000,17.126680,24.231841,17.307061,7.520575,-0.343860,0.137223,0.024580
0.010000,17.201831,24.233567,17.382233,7.517151,-0.342418,0.144191,0.021326
0.010000,17.276954,24.235046,17.457370,7.513742,-0.340906,0.151275,0.018042
0.010000,17.352048,24.236277,17.532474,7.510349,-0.339321,0.158510,0.014729
0.010000,17.427111,24.237257,17.607543,7.506972,-0.337662,0.165838,0.011386
0.010000,17.502143,24.237985,17.682580,7.503613,-0.335929,0.173290,0.008014
0.010000,17.577145,24.238459,17.757582,7.500272,-0.334121,0.180856,0.004613
0.010000,17.652114,24.238676,17.832552,7.496949,-0.332235,0.188532,0.001183
0.010000,17.727050,24.238635,17.907488,7.493647,-0.330272,0.196314,6.280909
0.010000,17.801953,24.238335,17.982392,7.490364,-0.328231,0.204169,6.277421
0.010000,17.876822,24.237772,18.057263,7.487103,-0.326109,0.212194,6.273905
0.010000,17.951656,24.236945,18.132101,7.483864,-0.323906,0.220254,6.270361
0.010000,18.026455,24.235852,18.206908,7.480648,-0.321622,0.228374,6.266788
0.010000,18.101217,24.234491,18.281683,7.477455,-0.319256,0.236658,6.263188
0.010000,18.175942,24.232861,18.356425,7.474287,-0.316806,0.244949,6.259560
0.010000,18.250629,24.230960,18.431137,7.471145,-0.314273,0.253376,6.255904
0.010000,18.325278,24.228786,18.505817,7.468028,-0.311655,0.261743,6.252222
0.010000,18.399887,24.226336,18.580467,7.464938,-0.308952,0.270353,6.248512
0.010000,18.474456,24.223611,18.655085,7.461877,-0.306163,0.278878,6.244776
0.010000,18.548984,24.220606,18.729674,7.458844,-0.303288,0.287490,6.241013
0.010000,18.623470,24.217322,18.804232,7.455841,-0.300326,0.296150,6.237224
0.010000,18.697913,24.213756,18.878761,7.452868,-0.297279,0.304765,6.233409
0.010000,18.772313,24.209906,18.953260,7.449926,-0.294143,0.313601,6.229568
0.010000,18.846668,24.205772,19.027730,7.447017,-0.290921,0.322220,6.225702
0.010000,18.920978,24.201351,19.102172,7.444141,-0.287610,0.331032,6.221811
0.010000,18.995242,24.196641,19.176585,7.441299,-0.284213,0.339682,6.217895
0.010000,19.069459,24.191642,19.250970,7.438492,-0.280729,0.348473,6.213955
0.010000,19.143628,24.186352,19.325327,7.435720,-0.277157,0.357148,6.209990
0.010000,19.217748,24.180768,19.399657,7.432985,-0.273498,0.365899,6.206002
0.010000,19.291818,24.174891,19.473959,7.430288,-0.269752,0.374582,6.201990
0.010000,19.365837,24.168717,19.548236,7.427628,-0.265922,0.383022,6.197955
0.010000,19.439804,24.162246,19.622486,7.425008,-0.262004,0.391808,6.193897
0.010000,19.513719,24.155477,19.696710,7.422428,-0.258002,0.400224,6.189816
0.010000,19.587581,24.148408,19.770909,7.419889,-0.253915,0.408696,6.185713
0.010000,19.661388,24.141037,19.845083,7.417392,-0.249745,0.416944,6.181589
0.010000,19.735139,24.133364,19.919232,7.414937,-0.245491,0.425482,6.177443
0.010000,19.808834,24.125387,19.993358,7.412525,-0.241157,0.433393,6.173276
0.010000,19.882471,24.117105,20.067459,7.410158,-0.236740,0.441646,6.169088
0.010000,19.956050,24.108517,20.141538,7.407835,-0.232245,0.449508,6.164880
0.010000,20.029569,24.099621,20.215593,7.405559,-0.227670,0.457561,6.160653
0.010000,20.103028,24.090416,20.289626,7.403329,-0.223020,0.464949,6.156405
0.010000,20.176425,24.080901,20.363638,7.401146,-0.218292,0.472818,6.152139
0.010000,20.249760,24.071076,20.437628,7.399011,-0.213491,0.480079,6.147854
0.010000,20.323031,24.060939,20.511597,7.396925,-0.208618,0.487306,6.143551
0.010000,20.396238,24.050488,20.585546,7.394888,-0.203673,0.494534,6.139230
0.010000,20.469379,24.039724,20.659475,7.392901,-0.198659,0.501356,6.134892
0.010000,20.542454,24.028645,20.733385,7.390965,-0.193578,0.508120,6.130536
0.010000,20.615461,24.017250,20.807276,7.389081,-0.188433,0.514450,6.126165
0.010000,20.688399,24.005538,20.881148,7.387249,-0.183223,0.521073,6.121777
0.010000,20.761267,23.993508,20.955003,7.385469,-0.177952,0.527038,6.117374
0.010000,20.834065,23.981161,21.028840,7.383743,-0.172625,0.532729,6.112956
0.010000,20.906791,23.968494,21.102661,7.382071,-0.167238,0.538741,6.108523
0.010000,20.979417,23.955511,21.176439,7.377769,-0.430204,-26.296587,6.104078
0.010000,21.051890,23.942224,21.250120,7.368107,-0.966160,-53.595625,6.099624
0.010000,21.124155,23.928641,21.323650,7.353042,-1.506556,-54.039611,6.095165
0.010000,21.196158,23.914775,21.396976,7.332576,-2.046524,-53.996822,6.090705
0.010000,21.267845,23.900638,21.470043,7.306715,-2.586109,-53.958443,6.086248
0.010000,21.339161,23.886244,21.542798,7.275462,-3.125358,-53.924976,6.081798
0.010000,21.410054,23.871606,21.615186,7.238818,-3.664323,-53.896473,6.077359
0.010000,21.480470,23.856742,21.687154,7.196788,-4.203047,-53.872420,6.072934
0.010000,21.550356,23.841667,21.758647,7.149372,-4.741578,-53.853126,6.068529
0.010000,21.619660,23.826399,21.829613,7.096572,-5.279969,-53.839005,6.064146
0.010000,21.688329,23.810955,21.899997,7.038390,-5.818261,-53.829228,6.059790
0.010000,21.756310,23.795356,21.969745,6.974825,-6.356501,-53.823999,6.055465
0.010000,21.823553,23.779621,22.038804,6.905878,-6.894734,-53.823305,6.051175
0.010000,21.890004,23.763772,22.107119,6.831548,-7.433000,-53.826628,6.046923
0.010000,21.955613,23.747830,22.174638,6.751834,-7.971345,-53.834463,6.042715
0.010000,22.020329,23.731818,22.241305,6.666736,-8.509805,-53.846004,6.038554
0.010000,22.084101,23.715759,22.307068,6.576252,-9.048412,-53.860736,6.034444
0.010000,22.146878,23.699678,22.371872,6.480380,-9.587209,-53.879696,6.030389
0.010000,22.208610,23.683600,22.435663,6.379118,-10.126218,-53.900933,6.026393
0.010000,22.269246,23.667550,22.498387,6.272463,-10.665476,-53.925780,6.022459
0.010000,22.328737,23.651554,22.559991,6.160413,-11.205002,-53.952587,6.018593
0.010000,22.387034,23.635640,22.620421,6.042965,-11.744820,-53.981834,6.014797
0.010000,22.444086,23.619835,22.679622,5.920115,-12.284951,-54.013044,6.011076
0.010000,22.499845,23.604167,22.737541,5.791861,-12.825413,-54.046258,6.007433
0.010000,22.554262,23.588665,22.794123,5.658199,-13.366211,-54.079730,6.003872
0.010000,22.607288,23.573357,22.849314,5.519125,-13.907361,-54.115046,6.000398
0.010000,22.658874,23.558272,22.903060,5.374637,-14.448870,-54.150863,5.997013
0.010000,22.708998,23.543434,22.955335,5.227406,-14.723090,-27.421986,5.993720
0.010000,22.757663,23.528855,23.006136,5.080154,-14.725140,-0.205064,5.990519
0.010000,22.804872,23.514550,23.055465,4.932928,-14.722661,0.247951,5.987410
0.010000,22.850630,23.500531,23.103323,4.785722,-14.720523,0.213761,5.984394
0.010000,22.894940,23.486812,23.149708,4.638535,-14.718701,0.182201,5.981470
0.010000,22.937806,23.473405,23.194622,4.491364,-14.717179,0.152247,5.978639
0.010000,22.979231,23.460322,23.238064,4.344204,-14.715924,0.125483,5.975901
0.010000,23.019219,23.447574,23.280034,4.197055,-14.714922,0.100173,5.973256
0.010000,23.057773,23.435173,23.320533,4.049914,-14.714144,0.077836,5.970704
0.010000,23.094896,23.423130,23.359561,3.902778,-14.713575,0.056878,5.968245
0.010000,23.130591,23.411454,23.397118,3.755646,-14.713194,0.038096,5.965879
0.010000,23.164862,23.400156,23.433203,3.608516,-14.712979,0.021555,5.963607
0.010000,23.197712,23.389246,23.467817,3.461387,-14.712913,0.006589,5.961427
0.010000,23.229143,23.378732,23.500959,3.314257,-14.712983,-0.007004,5.959340
0.010000,23.259158,23.368624,23.532630,3.167126,-14.713161,-0.017834,5.957347
0.010000,23.287759,23.358930,23.562830,3.019991,-14.713447,-0.028632,5.955447
0.010000,23.314950,23.349657,23.591559,2.872853,-14.713810,-0.036309,5.953639
0.010000,23.340733,23.340814,23.618816,2.725711,-14.714247,-0.043621,5.951925
0.010000,23.365110,23.332408,23.644602,2.578563,-14.714743,-0.049659,5.950304
0.010000,23.388083,23.324446,23.668916,2.431410,-14.715275,-0.053144,5.948776
0.010000,23.409655,23.316933,23.691758,2.284252,-14.715847,-0.057247,5.947340
0.010000,23.429827,23.309876,23.713129,2.137088,-14.716433,-0.058589,5.945997
0.010000,23.448602,23.303281,23.733028,1.989917,-14.717033,-0.060023,5.944747
0.010000,23.466006,23.297144,23.751482,1.845418,-14.449926,26.710760,5.943589
0.010000,23.482091,23.291452,23.768546,1.706316,-13.910183,53.974283,5.942517
0.010000,23.496911,23.286190,23.784272,1.572661,-13.365488,54.469489,5.941530
0.010000,23.510519,23.281344,23.798717,1.444454,-12.820753,54.473476,5.940624
0.010000,23.522966,23.276899,23.811934,1.321694,-12.275959,54.479449,5.939794
0.010000,23.534305,23.272840,23.823978,1.204383,-11.731127,54.483183,5.939039
0.010000,23.544589,23.269150,23.834903,1.092521,-11.186236,54.489069,5.938353
0.010000,23.553868,23.265814,23.844764,0.986108,-10.641303,54.493359,5.937735
0.010000,23.562196,23.262815,23.853615,0.885144,-10.096330,54.497240,5.937180
0.010000,23.569623,23.260135,23.861512,0.789631,-9.551303,54.502678,5.936685
0.010000,23.576203,23.257757,23.868507,0.699569,-9.006248,54.505501,5.936246
0.010000,23.581986,23.255665,23.874657,0.614957,-8.461149,54.509963,5.935861
0.010000,23.587023,23.253841,23.880015,0.535797,-7.916023,54.512581,5.935525
0.010000,23.591368,23.252266,23.884636,0.462088,-7.370864,54.515903,5.935235
0.010000,23.595070,23.250922,23.888574,0.393832,-6.825679,54.518513,5.934988
0.010000,23.598181,23.249793,23.891884,0.331027,-6.280474,54.520495,5.934781
0.010000,23.600753,23.248858,23.894621,0.273674,-5.735243,54.523107,5.934609
0.010000,23.602838,23.248101,23.896839,0.221774,-5.190002,54.524082,5.934470
0.010000,23.604485,23.247501,23.898592,0.175327,-4.644746,54.525549,5.934361
0.010000,23.605748,23.247042,23.899935,0.134332,-4.099475,54.527119,5.934276
0.010000,23.606676,23.246704,23.900923,0.098790,-3.554199,54.527671,5.934215
0.010000,23.607322,23.246469,23.901610,0.068701,-3.008916,54.528231,5.934171
0.010000,23.607736,23.246319,23.902051,0.044065,-2.463627,54.528962,5.934144
0.010000,23.607970,23.246234,23.902300,0.024881,-1.918336,54.529101,5.934128
0.010000,23.608074,23.246196,23.902411,0.011151,-1.373041,54.529471,5.934121
0.010000,23.608101,23.246186,23.902440,0.002874,-0.827748,54.529319,5.934119
0.010000,23.608102,23.246186,23.902440,0.000049,-0.282453,54.529446,5.934119
0.010000,23.608102,23.246186,23.902440,0.000000,-0.004902,27.755080,5.934119
